Accession	BioProjects	BioSample accession	Completeness	Gene count	Geographic Location	Geographic Region	Geographic State	Host Common Name	Host Infraspecific Names Breed	Host Infraspecific Names Cultivar	Host Infraspecific Names Ecotype	Host Infraspecific Names Isolate	Host Infraspecific Names Sex	Host Infraspecific Names Strain	Host Name	Host Pangolin Classification	Host Taxonomic ID	Is Annotated	Is Complete	Is Lab Host	Is Vaccine Strain	Isolate Collection date	Isolate Lineage	Isolate Lineage source	Lab Host	Length	Mature peptide count	Molecule type	Nucleotide completeness	Protein count	Purpose of Sampling	Release date	Segment	Source database	SRA Accessions	Submitter Affiliation	Submitter Country	Submitter Names	Update date	Virus Common Name	Virus Infraspecific Names Breed	Virus Infraspecific Names Cultivar	Virus Infraspecific Names Ecotype	Virus Infraspecific Names Isolate	Virus Infraspecific Names Sex	Virus Infraspecific Names Strain	Virus Name	Virus Pangolin Classification	Virus Taxonomic ID
NC_009333.1	PRJNA485481		COMPLETE	96	Greece	Europe									Homo sapiens		9606	true					GK18			137969				86		2007-04-03T00:00:00Z		RefSeq		National Center for Biotechnology Information, NIH	USA	Rezaee,S.A.,Cunningham,C.,Davison,A.J.,Blackbourn,D.J.,Glenn,M.,Rainbow,L.,Aurade,F.,Davison,A.,Schulz,T.F.,Glenn,M.A.	2019-06-04T00:00:00Z								Human gammaherpesvirus 8		37296
NC_007605.1	PRJNA485481		COMPLETE	94											Homo sapiens		9606	true					B95-8			171823				94		2005-11-17T00:00:00Z		RefSeq		National Center for Biotechnology Information, NIH	USA	de Jesus,O.,Smith,P.R.,Spender,L.C.,Elgueta Karstegl,C.,Niller,H.H.,Huang,D.,Farrell,P.J.,Parker,B.D.,Bankier,A.,Satchwell,S.,Barrell,B.,Hatfull,G.,Bankier,A.T.,Barrell,B.G.,Baer,R.,Biggin,M.D.,Deininger,P.L.,Gibson,T.J.,Hudson,G.S.,Satchwell,S.C.,Seguin,C.,Tuffnell,P.S.,Jones,M.D.,Foster,L.,Sheedy,T.,Griffin,B.E.,Jeang,K.T.,Hayward,S.D.,Davison,A.J.	2018-08-13T00:00:00Z								Human gammaherpesvirus 4		10376
NC_006273.2	PRJNA485481		COMPLETE	173	United Kingdom: Cardiff	Europe									Homo sapiens		9606	true				1999	Merlin	urine		235646				169		2004-09-16T00:00:00Z		RefSeq				Gatherer,D.,Seirafian,S.,Cunningham,C.,Holton,M.,Dargan,D.J.,Baluchova,K.,Hector,R.D.,Galbraith,J.,Herzyk,P.,Wilkinson,G.W.,Davison,A.J.,Dolan,A.,Hassan-Walker,A.F.,Lee,L.,Addison,C.,McGeoch,D.J.,Emery,V.C.,Griffiths,P.D.,Sinzger,C.,McSharry,B.P.,Tomasec,P.,Neale,M.L.,Akter,P.,Wilkie,G.S.,Stanton,R.J.,Wilkinson,G.W.G.	2018-08-13T00:00:00Z								Human betaherpesvirus 5		10359
NC_001806.2	PRJNA485481		COMPLETE	79	United Kingdom: Regional Virus Laboratory, Ruchill Hospital, Glasgow	Europe												true					17			152222				77		1990-04-03T00:00:00Z		RefSeq		National Center for Biotechnology Information, NIH	USA	Davison,A.J.	2018-08-13T00:00:00Z								Human alphaherpesvirus 1		10298
NC_001798.2	PRJNA15218		COMPLETE	79	United Kingdom	Europe									Homo sapiens		9606	true					HG52			154675				77		1997-02-27T00:00:00Z		RefSeq		National Center for Biotechnology Information, NIH	USA	Davison,A.J.,Holton,M.	2016-05-16T00:00:00Z								Human alphaherpesvirus 2		10310
NC_001716.2	PRJNA485481		COMPLETE	86											Homo sapiens		9606	true					RK			153080				86		1995-12-29T00:00:00Z		RefSeq		National Center for Biotechnology Information, NIH	USA	Megaw,A.G.,Rapaport,D.,Avidor,B.,Frenkel,N.,Davison,A.J.	2018-08-13T00:00:00Z								Human betaherpesvirus 7		10372
NC_001664.4	PRJNA485481		COMPLETE	88	Uganda	Africa									Homo sapiens		9606	true					U1102			159378				88		1995-06-05T00:00:00Z		RefSeq		National Center for Biotechnology Information, NIH	USA	Tweedy,J.G.,Escriva,E.,Topf,M.,Gompels,U.A.,Nicholas,J.,Lawrence,G.,Jones,M.,Thomson,B.J.,Martin,M.E.,Efstathiou,S.,Craxton,M.,Macaulay,H.A.,Weindler,F.W.,Gray,D.,Schwaab,V.,Heilbronn,R.,Inoue,N.,Dambaugh,T.R.,Rapp,J.C.,Pellett,P.E.,Dewhurst,S.,Schiewe,U.,Neipel,F.,Schreiner,D.,Fleckenstein,B.,Thompson,J.,Choudhury,S.,Kashanchi,F.,Doniger,J.,Berneman,Z.,Frenkel,N.,Rosenthal,L.J.,Zhou,Y.,Chang,C.K.,Qian,G.,Chandran,B.,Wood,C.,Lawrence,G.L.,Barrell,B.G.,Dollard,S.C.,Jones,M.D.,Teo,I.A.,Liu,D.X.,Foa-Tomasi,L.,Campadelli-Fiume,G.,Lelliott,C.,Sanchez-Martinez,D.,Dominguez,G.,Black,J.B.,Anton,E.,Greenamoyer,C.,Pfeiffer,B.,Berneman,Z.N.,Tirwatnapong,S.,Carrigan,D.R.,Carss,A.L.,Arno,J.,Ellinger,K.,Brown,C.M.,Honess,R.W.,Geng,Y.Q.,Josephs,S.F.,Sun,N.,Arrand,J.R.,Newman,C.,Griffin,B.E.,Balachandran,N.,Craxton,M.A.,Liu,M.Y.,Littler,E.,Teo,I.,Chee,M.,Chee,M.S.	2019-01-18T00:00:00Z								Human betaherpesvirus 6A		32603
NC_001348.1	PRJNA485481		COMPLETE	73											Homo sapiens		9606	true					Dumas			124884				73		1987-09-19T00:00:00Z		RefSeq		National Center for Biotechnology Information, NIH	USA	Davison,A.J.,Scott,J.E.	2018-08-13T00:00:00Z								Human alphaherpesvirus 3		10335
NC_000898.1	PRJNA485481		COMPLETE	103	Zaire	Africa									Homo sapiens		9606	true					Z29	blood		162114				104		1999-08-16T00:00:00Z		RefSeq		National Center for Biotechnology Information, NIH	USA	Dominguez,G.,Dambaugh,T.R.,Stamey,F.R.,Dewhurst,S.,Inoue,N.,Pellett,P.E.,Lindquester,G.J.,Greenamoyer,C.A.,Anton,E.D.,O'Brian,J.J.,Allen,R.D.,Castelli,J.W.,Danovich,R.M.,Frenkel,N.,Black,J.B.,Sanchez-Martinez,D.,Anton,E.,Greenamoyer,C.	2018-08-13T00:00:00Z								Human betaherpesvirus 6B		32604
