seqnames	gene_id	start	end
NC_001806.2	NC_001806.2_LAT	118777	127151
NC_001806.2	NC_001806.2_RL1	124834	125861
NC_001806.2	NC_001806.2_RL2	120675	124287
NC_001806.2	NC_001806.2_RS1	127173	131460
NC_001806.2	NC_001806.2_UL1	9338	10949
NC_001806.2	NC_001806.2_UL10	23205	24649
NC_001806.2	NC_001806.2_UL11	24801	25092
NC_001806.2	NC_001806.2_UL12	24801	26888
NC_001806.2	NC_001806.2_UL13	24801	28503
NC_001806.2	NC_001806.2_UL14	24801	28916
NC_001806.2	NC_001806.2_UL15	29021	34826
NC_001806.2	NC_001806.2_UL16	30174	31296
NC_001806.2	NC_001806.2_UL17	30174	33498
NC_001806.2	NC_001806.2_UL18	35024	36052
NC_001806.2	NC_001806.2_UL19	35024	40529
NC_001806.2	NC_001806.2_UL2	9885	10949
NC_001806.2	NC_001806.2_UL20	35024	41489
NC_001806.2	NC_001806.2_UL21	42075	43696
NC_001806.2	NC_001806.2_UL22	43866	46383
NC_001806.2	NC_001806.2_UL23	46609	47803
NC_001806.2	NC_001806.2_UL24	47738	52772
NC_001806.2	NC_001806.2_UL25	48814	52772
NC_001806.2	NC_001806.2_UL26	50810	52772
NC_001806.2	NC_001806.2_UL26.5	51728	52772
NC_001806.2	NC_001806.2_UL27	53059	55795
NC_001806.2	NC_001806.2_UL28	53059	58160
NC_001806.2	NC_001806.2_UL29	58410	62054
NC_001806.2	NC_001806.2_UL3	10991	11721
NC_001806.2	NC_001806.2_UL30	62807	66553
NC_001806.2	NC_001806.2_UL31	66377	67379
NC_001806.2	NC_001806.2_UL32	66377	69162
NC_001806.2	NC_001806.2_UL33	69161	70943
NC_001806.2	NC_001806.2_UL34	69633	70943
NC_001806.2	NC_001806.2_UL35	70566	70943
NC_001806.2	NC_001806.2_UL36	70983	80468
NC_001806.2	NC_001806.2_UL37	80712	84084
NC_001806.2	NC_001806.2_UL38	84531	86021
NC_001806.2	NC_001806.2_UL39	86443	90987
NC_001806.2	NC_001806.2_UL4	11754	12423
NC_001806.2	NC_001806.2_UL40	89925	90987
NC_001806.2	NC_001806.2_UL41	91115	92636
NC_001806.2	NC_001806.2_UL42	93112	94637
NC_001806.2	NC_001806.2_UL43	94799	96068
NC_001806.2	NC_001806.2_UL44	96312	98669
NC_001806.2	NC_001806.2_UL45	98033	98669
NC_001806.2	NC_001806.2_UL46	98727	100953
NC_001806.2	NC_001806.2_UL47	98727	103117
NC_001806.2	NC_001806.2_UL48	103538	105080
NC_001806.2	NC_001806.2_UL49	105463	106392
NC_001806.2	NC_001806.2_UL49A	105463	106994
NC_001806.2	NC_001806.2_UL5	11754	15132
NC_001806.2	NC_001806.2_UL50	107011	108158
NC_001806.2	NC_001806.2_UL51	108277	109012
NC_001806.2	NC_001806.2_UL52	109049	113449
NC_001806.2	NC_001806.2_UL53	112180	113449
NC_001806.2	NC_001806.2_UL54	113735	115283
NC_001806.2	NC_001806.2_UL55	115497	116104
NC_001806.2	NC_001806.2_UL56	116197	116926
NC_001806.2	NC_001806.2_UL6	15131	18041
NC_001806.2	NC_001806.2_UL7	17136	18041
NC_001806.2	NC_001806.2_UL8	18211	20477
NC_001806.2	NC_001806.2_UL9	18211	23260
NC_001806.2	NC_001806.2_US1	132101	133963
NC_001806.2	NC_001806.2_US10	144124	145198
NC_001806.2	NC_001806.2_US11	144124	145495
NC_001806.2	NC_001806.2_US12	144124	146096
NC_001806.2	NC_001806.2_US2	134026	135336
NC_001806.2	NC_001806.2_US3	134937	137534
NC_001806.2	NC_001806.2_US4	136705	137534
NC_001806.2	NC_001806.2_US5	137599	141052
NC_001806.2	NC_001806.2_US6	138313	141052
NC_001806.2	NC_001806.2_US7	139670	141052
NC_001806.2	NC_001806.2_US8	141143	143697
NC_001806.2	NC_001806.2_US8A	142748	143697
NC_001806.2	NC_001806.2_US9	143223	143697
NC_001806.2	NC_001806.2_id-NC_001806.2:105463..105468	105463	105468
NC_001806.2	NC_001806.2_id-NC_001806.2:10944..10949	10944	10949
NC_001806.2	NC_001806.2_id-NC_001806.2:113444..113449	113444	113449
NC_001806.2	NC_001806.2_id-NC_001806.2:117160..117341	117160	117341
NC_001806.2	NC_001806.2_id-NC_001806.2:117161..126373	117161	126373
NC_001806.2	NC_001806.2_id-NC_001806.2:11754..11759	11754	11759
NC_001806.2	NC_001806.2_id-NC_001806.2:117548..117568	117548	117568
NC_001806.2	NC_001806.2_id-NC_001806.2:117789..117820	117789	117820
NC_001806.2	NC_001806.2_id-NC_001806.2:120496..120642	120496	120642
NC_001806.2	NC_001806.2_id-NC_001806.2:123750..123908	123750	123908
NC_001806.2	NC_001806.2_id-NC_001806.2:125334..125386	125334	125386
NC_001806.2	NC_001806.2_id-NC_001806.2:125975..126373	125975	126373
NC_001806.2	NC_001806.2_id-NC_001806.2:125975..132607	125975	132607
NC_001806.2	NC_001806.2_id-NC_001806.2:126054..126276	126054	126276
NC_001806.2	NC_001806.2_id-NC_001806.2:126573..126712	126573	126712
NC_001806.2	NC_001806.2_id-NC_001806.2:126813..127145	126813	127145
NC_001806.2	NC_001806.2_id-NC_001806.2:131980..132024	131980	132024
NC_001806.2	NC_001806.2_id-NC_001806.2:132608..145589	132608	145589
NC_001806.2	NC_001806.2_id-NC_001806.2:137511..137516	137511	137516
NC_001806.2	NC_001806.2_id-NC_001806.2:141017..141022	141017	141022
NC_001806.2	NC_001806.2_id-NC_001806.2:143672..143677	143672	143677
NC_001806.2	NC_001806.2_id-NC_001806.2:143716..143868	143716	143868
NC_001806.2	NC_001806.2_id-NC_001806.2:144140..144145	144140	144145
NC_001806.2	NC_001806.2_id-NC_001806.2:144787..145003	144787	145003
NC_001806.2	NC_001806.2_id-NC_001806.2:145681..145806	145681	145806
NC_001806.2	NC_001806.2_id-NC_001806.2:146173..146217	146173	146217
NC_001806.2	NC_001806.2_id-NC_001806.2:18036..18041	18036	18041
NC_001806.2	NC_001806.2_id-NC_001806.2:18211..18216	18211	18216
NC_001806.2	NC_001806.2_id-NC_001806.2:24801..24806	24801	24806
NC_001806.2	NC_001806.2_id-NC_001806.2:30174..30179	30174	30179
NC_001806.2	NC_001806.2_id-NC_001806.2:35024..35029	35024	35029
NC_001806.2	NC_001806.2_id-NC_001806.2:35028..35033	35028	35033
NC_001806.2	NC_001806.2_id-NC_001806.2:52767..52772	52767	52772
NC_001806.2	NC_001806.2_id-NC_001806.2:53059..53064	53059	53064
NC_001806.2	NC_001806.2_id-NC_001806.2:62404..62547	62404	62547
NC_001806.2	NC_001806.2_id-NC_001806.2:66377..66382	66377	66382
NC_001806.2	NC_001806.2_id-NC_001806.2:70938..70943	70938	70943
NC_001806.2	NC_001806.2_id-NC_001806.2:71604..71814	71604	71814
NC_001806.2	NC_001806.2_id-NC_001806.2:90982..90987	90982	90987
NC_001806.2	NC_001806.2_id-NC_001806.2:9214..117160	9214	117160
NC_001806.2	NC_001806.2_id-NC_001806.2:98664..98669	98664	98669
NC_001806.2	NC_001806.2_id-NC_001806.2:98727..98732	98727	98732
NC_001798.2	NC_001798.2_LAT	119507	127991
NC_001798.2	NC_001798.2_RL1	125578	126881
NC_001798.2	NC_001798.2_RL2	121678	125018
NC_001798.2	NC_001798.2_RS1	128027	132102
NC_001798.2	NC_001798.2_UL1	9463	11060
NC_001798.2	NC_001798.2_UL10	23247	24672
NC_001798.2	NC_001798.2_UL11	24847	25138
NC_001798.2	NC_001798.2_UL12	24847	26916
NC_001798.2	NC_001798.2_UL13	24847	28513
NC_001798.2	NC_001798.2_UL14	24847	28926
NC_001798.2	NC_001798.2_UL15	29007	34867
NC_001798.2	NC_001798.2_UL16	30180	31299
NC_001798.2	NC_001798.2_UL17	30180	33509
NC_001798.2	NC_001798.2_UL18	35087	36109
NC_001798.2	NC_001798.2_UL19	35087	40610
NC_001798.2	NC_001798.2_UL2	10010	11060
NC_001798.2	NC_001798.2_UL20	35087	41590
NC_001798.2	NC_001798.2_UL21	42239	43851
NC_001798.2	NC_001798.2_UL22	44053	46570
NC_001798.2	NC_001798.2_UL23	46845	48039
NC_001798.2	NC_001798.2_UL24	47941	53035
NC_001798.2	NC_001798.2_UL25	49074	53035
NC_001798.2	NC_001798.2_UL26	51065	53035
NC_001798.2	NC_001798.2_UL26.5	51989	53035
NC_001798.2	NC_001798.2_UL27	53402	56152
NC_001798.2	NC_001798.2_UL28	53402	58517
NC_001798.2	NC_001798.2_UL29	58840	62482
NC_001798.2	NC_001798.2_UL3	11102	11843
NC_001798.2	NC_001798.2_UL30	63300	67061
NC_001798.2	NC_001798.2_UL31	66885	67884
NC_001798.2	NC_001798.2_UL32	66885	69673
NC_001798.2	NC_001798.2_UL33	69672	71504
NC_001798.2	NC_001798.2_UL34	70154	71504
NC_001798.2	NC_001798.2_UL35	71096	71504
NC_001798.2	NC_001798.2_UL36	71538	80969
NC_001798.2	NC_001798.2_UL37	81242	84614
NC_001798.2	NC_001798.2_UL38	85097	86619
NC_001798.2	NC_001798.2_UL39	87060	91594
NC_001798.2	NC_001798.2_UL4	11884	12575
NC_001798.2	NC_001798.2_UL40	90541	91594
NC_001798.2	NC_001798.2_UL41	91764	93311
NC_001798.2	NC_001798.2_UL42	93805	95291
NC_001798.2	NC_001798.2_UL43	95469	96730
NC_001798.2	NC_001798.2_UL44	97015	99336
NC_001798.2	NC_001798.2_UL45	98687	99336
NC_001798.2	NC_001798.2_UL46	99398	101634
NC_001798.2	NC_001798.2_UL47	99398	103809
NC_001798.2	NC_001798.2_UL48	104238	105802
NC_001798.2	NC_001798.2_UL49	106249	107185
NC_001798.2	NC_001798.2_UL49A	106249	107787
NC_001798.2	NC_001798.2_UL5	11884	15287
NC_001798.2	NC_001798.2_UL50	107795	108946
NC_001798.2	NC_001798.2_UL51	109083	109842
NC_001798.2	NC_001798.2_UL52	109910	114349
NC_001798.2	NC_001798.2_UL53	113062	114349
NC_001798.2	NC_001798.2_UL54	114624	116173
NC_001798.2	NC_001798.2_UL55	116377	116981
NC_001798.2	NC_001798.2_UL56	117079	117817
NC_001798.2	NC_001798.2_UL6	15286	18201
NC_001798.2	NC_001798.2_UL7	17297	18201
NC_001798.2	NC_001798.2_UL8	18431	20703
NC_001798.2	NC_001798.2_UL9	18431	23368
NC_001798.2	NC_001798.2_US1	133741	135029
NC_001798.2	NC_001798.2_US10	146616	148033
NC_001798.2	NC_001798.2_US11	146616	147697
NC_001798.2	NC_001798.2_US12	146616	147531
NC_001798.2	NC_001798.2_US2	135148	136043
NC_001798.2	NC_001798.2_US3	136329	140059
NC_001798.2	NC_001798.2_US4	137882	140059
NC_001798.2	NC_001798.2_US5	140291	143588
NC_001798.2	NC_001798.2_US6	141016	143588
NC_001798.2	NC_001798.2_US7	142399	143588
NC_001798.2	NC_001798.2_US8	143840	146182
NC_001798.2	NC_001798.2_US8A	145326	146182
NC_001798.2	NC_001798.2_US9	145866	146182
NC_001798.2	NC_001798.2_id-NC_001798.2:106081..106201	106081	106201
NC_001798.2	NC_001798.2_id-NC_001798.2:106249..106254	106249	106254
NC_001798.2	NC_001798.2_id-NC_001798.2:11055..11060	11055	11060
NC_001798.2	NC_001798.2_id-NC_001798.2:114344..114349	114344	114349
NC_001798.2	NC_001798.2_id-NC_001798.2:118021..118043	118021	118043
NC_001798.2	NC_001798.2_id-NC_001798.2:118021..127320	118021	127320
NC_001798.2	NC_001798.2_id-NC_001798.2:118092..118235	118092	118235
NC_001798.2	NC_001798.2_id-NC_001798.2:118305..118305	118305	118305
NC_001798.2	NC_001798.2_id-NC_001798.2:11884..11889	11884	11889
NC_001798.2	NC_001798.2_id-NC_001798.2:119298..119298	119298	119298
NC_001798.2	NC_001798.2_id-NC_001798.2:122524..122668	122524	122668
NC_001798.2	NC_001798.2_id-NC_001798.2:123714..123850	123714	123850
NC_001798.2	NC_001798.2_id-NC_001798.2:126251..126378	126251	126378
NC_001798.2	NC_001798.2_id-NC_001798.2:126775..126837	126775	126837
NC_001798.2	NC_001798.2_id-NC_001798.2:126844..126877	126844	126877
NC_001798.2	NC_001798.2_id-NC_001798.2:127067..127320	127067	127320
NC_001798.2	NC_001798.2_id-NC_001798.2:127067..133708	127067	133708
NC_001798.2	NC_001798.2_id-NC_001798.2:127310..127310	127310	127310
NC_001798.2	NC_001798.2_id-NC_001798.2:132692..132982	132692	132982
NC_001798.2	NC_001798.2_id-NC_001798.2:132749..132794	132749	132794
NC_001798.2	NC_001798.2_id-NC_001798.2:132889..132934	132889	132934
NC_001798.2	NC_001798.2_id-NC_001798.2:133287..133678	133287	133678
NC_001798.2	NC_001798.2_id-NC_001798.2:133709..148033	133709	148033
NC_001798.2	NC_001798.2_id-NC_001798.2:140054..140059	140054	140059
NC_001798.2	NC_001798.2_id-NC_001798.2:143583..143588	143583	143588
NC_001798.2	NC_001798.2_id-NC_001798.2:146207..146212	146207	146212
NC_001798.2	NC_001798.2_id-NC_001798.2:146616..146621	146616	146621
NC_001798.2	NC_001798.2_id-NC_001798.2:18196..18201	18196	18201
NC_001798.2	NC_001798.2_id-NC_001798.2:18431..18436	18431	18436
NC_001798.2	NC_001798.2_id-NC_001798.2:24847..24852	24847	24852
NC_001798.2	NC_001798.2_id-NC_001798.2:30180..30185	30180	30185
NC_001798.2	NC_001798.2_id-NC_001798.2:35087..35092	35087	35092
NC_001798.2	NC_001798.2_id-NC_001798.2:53030..53035	53030	53035
NC_001798.2	NC_001798.2_id-NC_001798.2:53402..53407	53402	53407
NC_001798.2	NC_001798.2_id-NC_001798.2:62897..63032	62897	63032
NC_001798.2	NC_001798.2_id-NC_001798.2:66885..66890	66885	66890
NC_001798.2	NC_001798.2_id-NC_001798.2:71499..71504	71499	71504
NC_001798.2	NC_001798.2_id-NC_001798.2:72133..72301	72133	72301
NC_001798.2	NC_001798.2_id-NC_001798.2:91589..91594	91589	91594
NC_001798.2	NC_001798.2_id-NC_001798.2:9278..9333	9278	9333
NC_001798.2	NC_001798.2_id-NC_001798.2:9301..118020	9301	118020
NC_001798.2	NC_001798.2_id-NC_001798.2:99331..99336	99331	99336
NC_001798.2	NC_001798.2_id-NC_001798.2:99398..99403	99398	99403
NC_001348.1	NC_001348.1_ORF0	173	1060
NC_001348.1	NC_001348.1_ORF1	588	915
NC_001348.1	NC_001348.1_ORF10	12160	13421
NC_001348.1	NC_001348.1_ORF11	13590	16122
NC_001348.1	NC_001348.1_ORF12	16214	19396
NC_001348.1	NC_001348.1_ORF13	18441	19396
NC_001348.1	NC_001348.1_ORF14	19342	21113
NC_001348.1	NC_001348.1_ORF15	21244	22478
NC_001348.1	NC_001348.1_ORF16	21244	23794
NC_001348.1	NC_001348.1_ORF17	24149	25517
NC_001348.1	NC_001348.1_ORF18	25550	26493
NC_001348.1	NC_001348.1_ORF19	25550	28845
NC_001348.1	NC_001348.1_ORF2	1134	1862
NC_001348.1	NC_001348.1_ORF20	29005	30475
NC_001348.1	NC_001348.1_ORF21	30759	33905
NC_001348.1	NC_001348.1_ORF22	34083	42390
NC_001348.1	NC_001348.1_ORF23	42426	43138
NC_001348.1	NC_001348.1_ORF24	43211	44021
NC_001348.1	NC_001348.1_ORF25	44131	44618
NC_001348.1	NC_001348.1_ORF26	44506	47243
NC_001348.1	NC_001348.1_ORF27	46190	47243
NC_001348.1	NC_001348.1_ORF28	47031	50636
NC_001348.1	NC_001348.1_ORF29	50857	54523
NC_001348.1	NC_001348.1_ORF3	1890	2447
NC_001348.1	NC_001348.1_ORF30	54651	59648
NC_001348.1	NC_001348.1_ORF31	56819	59648
NC_001348.1	NC_001348.1_ORF32	59766	60213
NC_001348.1	NC_001348.1_ORF33	60309	62138
NC_001348.1	NC_001348.1_ORF33.5	60309	61229
NC_001348.1	NC_001348.1_ORF34	60309	63910
NC_001348.1	NC_001348.1_ORF35	60309	64753
NC_001348.1	NC_001348.1_ORF36	64364	65885
NC_001348.1	NC_001348.1_ORF37	66074	68616
NC_001348.1	NC_001348.1_ORF38	68647	70293
NC_001348.1	NC_001348.1_ORF39	70687	71369
NC_001348.1	NC_001348.1_ORF4	2777	4141
NC_001348.1	NC_001348.1_ORF40	71540	75763
NC_001348.1	NC_001348.1_ORF41	75847	76812
NC_001348.1	NC_001348.1_ORF42	76850	82593
NC_001348.1	NC_001348.1_ORF43	78170	80201
NC_001348.1	NC_001348.1_ORF44	80360	81514
NC_001348.1	NC_001348.1_ORF46	82719	86504
NC_001348.1	NC_001348.1_ORF47	83168	86504
NC_001348.1	NC_001348.1_ORF48	84667	86504
NC_001348.1	NC_001348.1_ORF49	86226	86504
NC_001348.1	NC_001348.1_ORF5	2777	5274
NC_001348.1	NC_001348.1_ORF50	86541	87882
NC_001348.1	NC_001348.1_ORF51	87881	92846
NC_001348.1	NC_001348.1_ORF52	90493	92846
NC_001348.1	NC_001348.1_ORF53	92850	93850
NC_001348.1	NC_001348.1_ORF54	92850	95984
NC_001348.1	NC_001348.1_ORF55	95996	99358
NC_001348.1	NC_001348.1_ORF56	98712	99358
NC_001348.1	NC_001348.1_ORF57	99387	99626
NC_001348.1	NC_001348.1_ORF58	99387	100272
NC_001348.1	NC_001348.1_ORF59	99387	101219
NC_001348.1	NC_001348.1_ORF6	2777	8577
NC_001348.1	NC_001348.1_ORF60	99387	101649
NC_001348.1	NC_001348.1_ORF61	103001	104485
NC_001348.1	NC_001348.1_ORF62	105141	109133
NC_001348.1	NC_001348.1_ORF63	110581	111431
NC_001348.1	NC_001348.1_ORF64	111565	112141
NC_001348.1	NC_001348.1_ORF65	112176	112640
NC_001348.1	NC_001348.1_ORF66	113037	114241
NC_001348.1	NC_001348.1_ORF67	114496	115592
NC_001348.1	NC_001348.1_ORF7	8607	9399
NC_001348.1	NC_001348.1_ORF8	9426	10667
NC_001348.1	NC_001348.1_ORF9	11009	11964
NC_001348.1	NC_001348.1_ORF9A	10642	11964
NC_001348.1	NC_001348.1_id-NC_001348.1:1..88	1	88
NC_001348.1	NC_001348.1_id-NC_001348.1:104925..105012	104925	105012
NC_001348.1	NC_001348.1_id-NC_001348.1:105013..112332	105013	112332
NC_001348.1	NC_001348.1_id-NC_001348.1:109762..109907	109762	109907
NC_001348.1	NC_001348.1_id-NC_001348.1:110190..110235	110190	110235
NC_001348.1	NC_001348.1_id-NC_001348.1:112333..117564	112333	117564
NC_001348.1	NC_001348.1_id-NC_001348.1:11959..11964	11959	11964
NC_001348.1	NC_001348.1_id-NC_001348.1:19391..19396	19391	19396
NC_001348.1	NC_001348.1_id-NC_001348.1:20692..21017	20692	21017
NC_001348.1	NC_001348.1_id-NC_001348.1:21244..21249	21244	21249
NC_001348.1	NC_001348.1_id-NC_001348.1:25550..25555	25550	25555
NC_001348.1	NC_001348.1_id-NC_001348.1:2777..2782	2777	2782
NC_001348.1	NC_001348.1_id-NC_001348.1:47238..47243	47238	47243
NC_001348.1	NC_001348.1_id-NC_001348.1:59643..59648	59643	59648
NC_001348.1	NC_001348.1_id-NC_001348.1:60309..60314	60309	60314
NC_001348.1	NC_001348.1_id-NC_001348.1:86499..86504	86499	86504
NC_001348.1	NC_001348.1_id-NC_001348.1:89..104924	89	104924
NC_001348.1	NC_001348.1_id-NC_001348.1:92841..92846	92841	92846
NC_001348.1	NC_001348.1_id-NC_001348.1:92850..92855	92850	92855
NC_001348.1	NC_001348.1_id-NC_001348.1:99353..99358	99353	99358
NC_001348.1	NC_001348.1_id-NC_001348.1:99387..99392	99387	99392
NC_007605.1	NC_007605.1_A73	155549	160531
NC_007605.1	NC_007605.1_BALF1	164388	164984
NC_007605.1	NC_007605.1_BALF2	160550	164356
NC_007605.1	NC_007605.1_BALF3	156244	160908
NC_007605.1	NC_007605.1_BALF4	156244	158912
NC_007605.1	NC_007605.1_BALF5	151372	156288
NC_007605.1	NC_007605.1_BARF0	159121	160536
NC_007605.1	NC_007605.1_BARF1	165008	165712
NC_007605.1	NC_007605.1_BBLF1	108459	109043
NC_007605.1	NC_007605.1_BBLF2/BBLF3	104403	106750
NC_007605.1	NC_007605.1_BBLF4	99537	101971
NC_007605.1	NC_007605.1_BBRF1	101588	104502
NC_007605.1	NC_007605.1_BBRF2	103660	104502
NC_007605.1	NC_007605.1_BBRF3	106693	108075
NC_007605.1	NC_007605.1_BCRF1	9631	10262
NC_007605.1	NC_007605.1_BDLF1	118066	121098
NC_007605.1	NC_007605.1_BDLF2	118066	120188
NC_007605.1	NC_007605.1_BDLF3	118066	118816
NC_007605.1	NC_007605.1_BDLF3.5	113191	117016
NC_007605.1	NC_007605.1_BDLF4	113191	116766
NC_007605.1	NC_007605.1_BFLF1	43691	46280
NC_007605.1	NC_007605.1_BFLF2	43691	44793
NC_007605.1	NC_007605.1_BFRF1	46544	49786
NC_007605.1	NC_007605.1_BFRF1A	46236	49786
NC_007605.1	NC_007605.1_BFRF2	47520	49786
NC_007605.1	NC_007605.1_BFRF3	49056	49786
NC_007605.1	NC_007605.1_BGLF1	113191	116144
NC_007605.1	NC_007605.1_BGLF2	113191	114641
NC_007605.1	NC_007605.1_BGLF3	108459	112825
NC_007605.1	NC_007605.1_BGLF3.5	108459	111829
NC_007605.1	NC_007605.1_BGLF4	108459	111326
NC_007605.1	NC_007605.1_BGLF5	108459	110053
NC_007605.1	NC_007605.1_BGRF1/BDRF1	112650	118064
NC_007605.1	NC_007605.1_BHLF1	38014	40529
NC_007605.1	NC_007605.1_BHRF1	41471	43251
NC_007605.1	NC_007605.1_BILF1	149025	152641
NC_007605.1	NC_007605.1_BILF2	137464	138282
NC_007605.1	NC_007605.1_BKRF2	97617	99504
NC_007605.1	NC_007605.1_BKRF3	98065	99504
NC_007605.1	NC_007605.1_BKRF4	98846	99504
NC_007605.1	NC_007605.1_BLLF1	77132	79904
NC_007605.1	NC_007605.1_BLLF2	77132	77763
NC_007605.1	NC_007605.1_BLLF3	75320	76231
NC_007605.1	NC_007605.1_BLRF1	76219	77129
NC_007605.1	NC_007605.1_BLRF2	76575	77129
NC_007605.1	NC_007605.1_BMRF1	67552	69916
NC_007605.1	NC_007605.1_BMRF2	68491	69916
NC_007605.1	NC_007605.1_BNLF2a	166483	167067
NC_007605.1	NC_007605.1_BNLF2b	166483	166836
NC_007605.1	NC_007605.1_BNRF1	1691	5856
NC_007605.1	NC_007605.1_BOLF1	49775	63034
NC_007605.1	NC_007605.1_BORF1	62729	66600
NC_007605.1	NC_007605.1_BORF2	63881	66600
NC_007605.1	NC_007605.1_BPLF1	49775	59904
NC_007605.1	NC_007605.1_BRLF1	89838	93925
NC_007605.1	NC_007605.1_BRRF1	92728	93827
NC_007605.1	NC_007605.1_BRRF2	93955	95631
NC_007605.1	NC_007605.1_BSLF1	70454	74593
NC_007605.1	NC_007605.1_BSLF2/BMLF1	70454	72068
NC_007605.1	NC_007605.1_BSRF1	74594	75316
NC_007605.1	NC_007605.1_BTRF1	127416	128686
NC_007605.1	NC_007605.1_BVLF1	134632	135627
NC_007605.1	NC_007605.1_BVRF1	133013	134886
NC_007605.1	NC_007605.1_BVRF2	135432	137455
NC_007605.1	NC_007605.1_BWRF1	12541	13692
NC_007605.1	NC_007605.1_BWRF1.1	15613	16764
NC_007605.1	NC_007605.1_BWRF1.2	18685	19836
NC_007605.1	NC_007605.1_BWRF1.3	21757	22908
NC_007605.1	NC_007605.1_BWRF1.4	24829	25980
NC_007605.1	NC_007605.1_BWRF1.5	27901	29052
NC_007605.1	NC_007605.1_BWRF1.6	30973	32124
NC_007605.1	NC_007605.1_BWRF1.7	34045	35196
NC_007605.1	NC_007605.1_BXLF1	128608	132846
NC_007605.1	NC_007605.1_BXLF2	128608	131021
NC_007605.1	NC_007605.1_BXRF1	132571	134886
NC_007605.1	NC_007605.1_BZLF1	89838	90943
NC_007605.1	NC_007605.1_BZLF2	89157	89872
NC_007605.1	NC_007605.1_BaRF1	66516	69916
NC_007605.1	NC_007605.1_BcLF1	121019	125422
NC_007605.1	NC_007605.1_BcRF1	125073	128686
NC_007605.1	NC_007605.1_BdRF1	136331	137455
NC_007605.1	NC_007605.1_EBNA-1	11305	97654
NC_007605.1	NC_007605.1_EBNA-1.1	50134	97654
NC_007605.1	NC_007605.1_EBNA-2	11305	37744
NC_007605.1	NC_007605.1_EBNA-3A	11305	82962
NC_007605.1	NC_007605.1_EBNA-3B/EBNA-3C	11305	89482
NC_007605.1	NC_007605.1_EBNA-LP	14352	37744
NC_007605.1	NC_007605.1_LF1	149025	151694
NC_007605.1	NC_007605.1_LF2	149025	150417
NC_007605.1	NC_007605.1_LF3	140570	143711
NC_007605.1	NC_007605.1_LMP-1	166483	169088
NC_007605.1	NC_007605.1_LMP-2A	58	171823
NC_007605.1	NC_007605.1_LMP-2A.1	1	5856
NC_007605.1	NC_007605.1_LMP-2B	58	171823
NC_007605.1	NC_007605.1_LMP-2B.1	1	5856
NC_007605.1	NC_007605.1_NC_007605.1:1..171823	1	171823
NC_007605.1	NC_007605.1_RPMS1	138352	160531
NC_007605.1	NC_007605.1_exon-NC_007605.1:6629..6795-1	6629	6795
NC_007605.1	NC_007605.1_exon-NC_007605.1:6956..7128-1	6956	7128
NC_007605.1	NC_007605.1_id-NC_007605.1:104497..104502	104497	104502
NC_007605.1	NC_007605.1_id-NC_007605.1:108471..108476	108471	108476
NC_007605.1	NC_007605.1_id-NC_007605.1:11305..11310	11305	11310
NC_007605.1	NC_007605.1_id-NC_007605.1:113191..113196	113191	113196
NC_007605.1	NC_007605.1_id-NC_007605.1:118066..118071	118066	118071
NC_007605.1	NC_007605.1_id-NC_007605.1:12001..15072	12001	15072
NC_007605.1	NC_007605.1_id-NC_007605.1:128608..128613	128608	128613
NC_007605.1	NC_007605.1_id-NC_007605.1:128681..128686	128681	128686
NC_007605.1	NC_007605.1_id-NC_007605.1:134881..134886	134881	134886
NC_007605.1	NC_007605.1_id-NC_007605.1:137438..137443	137438	137443
NC_007605.1	NC_007605.1_id-NC_007605.1:139724..151554	139724	151554
NC_007605.1	NC_007605.1_id-NC_007605.1:143207..144444	143207	144444
NC_007605.1	NC_007605.1_id-NC_007605.1:143272..144328	143272	144328
NC_007605.1	NC_007605.1_id-NC_007605.1:149025..149030	149025	149030
NC_007605.1	NC_007605.1_id-NC_007605.1:15073..18144	15073	18144
NC_007605.1	NC_007605.1_id-NC_007605.1:156244..156249	156244	156249
NC_007605.1	NC_007605.1_id-NC_007605.1:160508..160513	160508	160513
NC_007605.1	NC_007605.1_id-NC_007605.1:163520..166177	163520	166177
NC_007605.1	NC_007605.1_id-NC_007605.1:166483..166488	166483	166488
NC_007605.1	NC_007605.1_id-NC_007605.1:166487..166492	166487	166492
NC_007605.1	NC_007605.1_id-NC_007605.1:169636..170173	169636	170173
NC_007605.1	NC_007605.1_id-NC_007605.1:170174..170696	170174	170696
NC_007605.1	NC_007605.1_id-NC_007605.1:170697..171234	170697	171234
NC_007605.1	NC_007605.1_id-NC_007605.1:171235..171772	171235	171772
NC_007605.1	NC_007605.1_id-NC_007605.1:18145..21216	18145	21216
NC_007605.1	NC_007605.1_id-NC_007605.1:21217..24288	21217	24288
NC_007605.1	NC_007605.1_id-NC_007605.1:24289..27360	24289	27360
NC_007605.1	NC_007605.1_id-NC_007605.1:27361..30432	27361	30432
NC_007605.1	NC_007605.1_id-NC_007605.1:30433..33504	30433	33504
NC_007605.1	NC_007605.1_id-NC_007605.1:33127..40536	33127	40536
NC_007605.1	NC_007605.1_id-NC_007605.1:33356..40162	33356	40162
NC_007605.1	NC_007605.1_id-NC_007605.1:33505..35355	33505	35355
NC_007605.1	NC_007605.1_id-NC_007605.1:37715..37720	37715	37720
NC_007605.1	NC_007605.1_id-NC_007605.1:40301..41293	40301	41293
NC_007605.1	NC_007605.1_id-NC_007605.1:40366..41409	40366	41409
NC_007605.1	NC_007605.1_id-NC_007605.1:43697..43702	43697	43702
NC_007605.1	NC_007605.1_id-NC_007605.1:49775..49780	49775	49780
NC_007605.1	NC_007605.1_id-NC_007605.1:49781..49786	49781	49786
NC_007605.1	NC_007605.1_id-NC_007605.1:49943..50170	49943	50170
NC_007605.1	NC_007605.1_id-NC_007605.1:50142..50189	50142	50189
NC_007605.1	NC_007605.1_id-NC_007605.1:5841..5846	5841	5846
NC_007605.1	NC_007605.1_id-NC_007605.1:66595..66600	66595	66600
NC_007605.1	NC_007605.1_id-NC_007605.1:69892..69897	69892	69897
NC_007605.1	NC_007605.1_id-NC_007605.1:70454..70459	70454	70459
NC_007605.1	NC_007605.1_id-NC_007605.1:7315..9312	7315	9312
NC_007605.1	NC_007605.1_id-NC_007605.1:7421..8042	7421	8042
NC_007605.1	NC_007605.1_id-NC_007605.1:77124..77129	77124	77129
NC_007605.1	NC_007605.1_id-NC_007605.1:77132..77137	77132	77137
NC_007605.1	NC_007605.1_id-NC_007605.1:86839..89829	86839	89829
NC_007605.1	NC_007605.1_id-NC_007605.1:89477..89482	89477	89482
NC_007605.1	NC_007605.1_id-NC_007605.1:89863..89868	89863	89868
NC_007605.1	NC_007605.1_id-NC_007605.1:9021..9135	9021	9135
NC_007605.1	NC_007605.1_id-NC_007605.1:99499..99504	99499	99504
NC_007605.1	NC_007605.1_rna-NC_007605.1:6629..6795	6629	6795
NC_007605.1	NC_007605.1_rna-NC_007605.1:6956..7128	6956	7128
NC_006273.2	NC_006273.2_IRS1	195976	198519
NC_006273.2	NC_006273.2_NC_006273.2:1..235646	1	235646
NC_006273.2	NC_006273.2_RL1	1324	2386
NC_006273.2	NC_006273.2_RL10	8601	9113
NC_006273.2	NC_006273.2_RL11	9142	9846
NC_006273.2	NC_006273.2_RL12	9850	11094
NC_006273.2	NC_006273.2_RL13	11189	12070
NC_006273.2	NC_006273.2_RL5A	2489	5852
NC_006273.2	NC_006273.2_RL6	5959	6504
NC_006273.2	NC_006273.2_RL8A	6759	13155
NC_006273.2	NC_006273.2_RL9A	6759	8458
NC_006273.2	NC_006273.2_RNA1.2	6759	7811
NC_006273.2	NC_006273.2_RNA2.7	2489	5000
NC_006273.2	NC_006273.2_RNA4.9	94297	99218
NC_006273.2	NC_006273.2_RNA5.0	156102	161821
NC_006273.2	NC_006273.2_TRS1	232393	234759
NC_006273.2	NC_006273.2_UL1	12174	12830
NC_006273.2	NC_006273.2_UL10	17776	18540
NC_006273.2	NC_006273.2_UL100	146538	147653
NC_006273.2	NC_006273.2_UL102	147831	150452
NC_006273.2	NC_006273.2_UL103	150615	151364
NC_006273.2	NC_006273.2_UL104	151312	153405
NC_006273.2	NC_006273.2_UL105	153233	156103
NC_006273.2	NC_006273.2_UL11	18642	19460
NC_006273.2	NC_006273.2_UL111A	161003	161692
NC_006273.2	NC_006273.2_UL112	161917	164128
NC_006273.2	NC_006273.2_UL114	164298	165050
NC_006273.2	NC_006273.2_UL115	165022	165858
NC_006273.2	NC_006273.2_UL116	165858	166799
NC_006273.2	NC_006273.2_UL117	166796	168073
NC_006273.2	NC_006273.2_UL119	168186	169311
NC_006273.2	NC_006273.2_UL120	169366	169971
NC_006273.2	NC_006273.2_UL121	170022	170564
NC_006273.2	NC_006273.2_UL122	170689	174090
NC_006273.2	NC_006273.2_UL123	172329	174090
NC_006273.2	NC_006273.2_UL124	171704	174649
NC_006273.2	NC_006273.2_UL13	19658	21079
NC_006273.2	NC_006273.2_UL130	176984	177628
NC_006273.2	NC_006273.2_UL131A	177649	178146
NC_006273.2	NC_006273.2_UL132	178252	179064
NC_006273.2	NC_006273.2_UL133	189949	190722
NC_006273.2	NC_006273.2_UL135	188846	189772
NC_006273.2	NC_006273.2_UL136	188033	188755
NC_006273.2	NC_006273.2_UL138	187441	187950
NC_006273.2	NC_006273.2_UL139	186462	186878
NC_006273.2	NC_006273.2_UL14	21229	22212
NC_006273.2	NC_006273.2_UL140	185705	186280
NC_006273.2	NC_006273.2_UL141	184396	185412
NC_006273.2	NC_006273.2_UL142	183406	184323
NC_006273.2	NC_006273.2_UL144	182206	182736
NC_006273.2	NC_006273.2_UL145	181573	181965
NC_006273.2	NC_006273.2_UL146	180930	181292
NC_006273.2	NC_006273.2_UL147	180390	180869
NC_006273.2	NC_006273.2_UL147A	180160	180387
NC_006273.2	NC_006273.2_UL148	179141	180091
NC_006273.2	NC_006273.2_UL148A	190818	191060
NC_006273.2	NC_006273.2_UL148B	191190	191432
NC_006273.2	NC_006273.2_UL148C	191522	191755
NC_006273.2	NC_006273.2_UL148D	191980	194348
NC_006273.2	NC_006273.2_UL150	192341	194260
NC_006273.2	NC_006273.2_UL150A	182854	194348
NC_006273.2	NC_006273.2_UL15A	22225	22533
NC_006273.2	NC_006273.2_UL16	22754	23446
NC_006273.2	NC_006273.2_UL17	23554	23868
NC_006273.2	NC_006273.2_UL18	23977	25083
NC_006273.2	NC_006273.2_UL19	25080	25376
NC_006273.2	NC_006273.2_UL2	13211	13390
NC_006273.2	NC_006273.2_UL20	25640	26656
NC_006273.2	NC_006273.2_UL21A	26803	27174
NC_006273.2	NC_006273.2_UL22A	27443	27843
NC_006273.2	NC_006273.2_UL23	28208	29062
NC_006273.2	NC_006273.2_UL24	29278	30354
NC_006273.2	NC_006273.2_UL25	30402	32372
NC_006273.2	NC_006273.2_UL26	32560	33126
NC_006273.2	NC_006273.2_UL27	33182	35008
NC_006273.2	NC_006273.2_UL29	35105	37353
NC_006273.2	NC_006273.2_UL30	37483	37848
NC_006273.2	NC_006273.2_UL30A	37605	38174
NC_006273.2	NC_006273.2_UL31	38327	40114
NC_006273.2	NC_006273.2_UL32	40195	43344
NC_006273.2	NC_006273.2_UL33	43415	44773
NC_006273.2	NC_006273.2_UL34	45141	46364
NC_006273.2	NC_006273.2_UL35	46443	48368
NC_006273.2	NC_006273.2_UL36	48595	50128
NC_006273.2	NC_006273.2_UL37	50262	53060
NC_006273.2	NC_006273.2_UL38	51482	52477
NC_006273.2	NC_006273.2_UL4	13821	14270
NC_006273.2	NC_006273.2_UL40	53498	54344
NC_006273.2	NC_006273.2_UL41A	53498	54838
NC_006273.2	NC_006273.2_UL42	54742	55119
NC_006273.2	NC_006273.2_UL43	55183	56454
NC_006273.2	NC_006273.2_UL44	56501	57802
NC_006273.2	NC_006273.2_UL45	57943	60663
NC_006273.2	NC_006273.2_UL46	60806	61678
NC_006273.2	NC_006273.2_UL47	61677	64628
NC_006273.2	NC_006273.2_UL48	64625	71350
NC_006273.2	NC_006273.2_UL48A	70422	71796
NC_006273.2	NC_006273.2_UL49	71689	73401
NC_006273.2	NC_006273.2_UL5	14358	14858
NC_006273.2	NC_006273.2_UL50	73358	74554
NC_006273.2	NC_006273.2_UL51	74576	75049
NC_006273.2	NC_006273.2_UL52	75087	77093
NC_006273.2	NC_006273.2_UL53	77086	79337
NC_006273.2	NC_006273.2_UL54	78194	81922
NC_006273.2	NC_006273.2_UL55	82066	84789
NC_006273.2	NC_006273.2_UL56	84752	87304
NC_006273.2	NC_006273.2_UL57	87871	91578
NC_006273.2	NC_006273.2_UL6	14965	15807
NC_006273.2	NC_006273.2_UL69	99519	101747
NC_006273.2	NC_006273.2_UL7	15865	16533
NC_006273.2	NC_006273.2_UL70	101847	104687
NC_006273.2	NC_006273.2_UL71	104703	105788
NC_006273.2	NC_006273.2_UL72	105869	107035
NC_006273.2	NC_006273.2_UL73	106937	109088
NC_006273.2	NC_006273.2_UL74	107430	108848
NC_006273.2	NC_006273.2_UL74A	107708	109088
NC_006273.2	NC_006273.2_UL75	109224	111452
NC_006273.2	NC_006273.2_UL76	111647	112624
NC_006273.2	NC_006273.2_UL77	112227	114137
NC_006273.2	NC_006273.2_UL78	114226	115521
NC_006273.2	NC_006273.2_UL79	115576	116463
NC_006273.2	NC_006273.2_UL8	15865	16941
NC_006273.2	NC_006273.2_UL80	116500	118626
NC_006273.2	NC_006273.2_UL80.5	117505	118626
NC_006273.2	NC_006273.2_UL82	118788	120467
NC_006273.2	NC_006273.2_UL83	120656	122341
NC_006273.2	NC_006273.2_UL84	122613	124376
NC_006273.2	NC_006273.2_UL85	124408	125328
NC_006273.2	NC_006273.2_UL86	125490	129602
NC_006273.2	NC_006273.2_UL87	129662	132487
NC_006273.2	NC_006273.2_UL88	132484	133773
NC_006273.2	NC_006273.2_UL89	133770	139697
NC_006273.2	NC_006273.2_UL9	16947	17648
NC_006273.2	NC_006273.2_UL91	135142	135477
NC_006273.2	NC_006273.2_UL92	135447	136052
NC_006273.2	NC_006273.2_UL93	136018	137802
NC_006273.2	NC_006273.2_UL94	137660	138697
NC_006273.2	NC_006273.2_UL95	139696	141297
NC_006273.2	NC_006273.2_UL96	141294	141677
NC_006273.2	NC_006273.2_UL97	141798	143921
NC_006273.2	NC_006273.2_UL98	144015	145769
NC_006273.2	NC_006273.2_UL99	145706	146278
NC_006273.2	NC_006273.2_US1	198543	199013
NC_006273.2	NC_006273.2_US10	205296	205853
NC_006273.2	NC_006273.2_US11	205929	206576
NC_006273.2	NC_006273.2_US12	206762	207607
NC_006273.2	NC_006273.2_US13	207687	208472
NC_006273.2	NC_006273.2_US14	208541	209473
NC_006273.2	NC_006273.2_US15	209518	210306
NC_006273.2	NC_006273.2_US16	210366	211295
NC_006273.2	NC_006273.2_US17	211440	212321
NC_006273.2	NC_006273.2_US18	212589	213413
NC_006273.2	NC_006273.2_US19	213551	214273
NC_006273.2	NC_006273.2_US2	199331	199930
NC_006273.2	NC_006273.2_US20	214320	215084
NC_006273.2	NC_006273.2_US21	215191	215922
NC_006273.2	NC_006273.2_US22	216099	217829
NC_006273.2	NC_006273.2_US23	217943	219721
NC_006273.2	NC_006273.2_US24	219817	221322
NC_006273.2	NC_006273.2_US26	221956	223767
NC_006273.2	NC_006273.2_US27	223800	226529
NC_006273.2	NC_006273.2_US28	225435	226529
NC_006273.2	NC_006273.2_US29	226662	228050
NC_006273.2	NC_006273.2_US3	200345	200905
NC_006273.2	NC_006273.2_US30	227854	228903
NC_006273.2	NC_006273.2_US31	229018	229503
NC_006273.2	NC_006273.2_US32	229621	230172
NC_006273.2	NC_006273.2_US33A	230319	231527
NC_006273.2	NC_006273.2_US34	230716	231527
NC_006273.2	NC_006273.2_US34A	231201	231527
NC_006273.2	NC_006273.2_US6	201615	202163
NC_006273.2	NC_006273.2_US7	202589	203266
NC_006273.2	NC_006273.2_US8	203469	204152
NC_006273.2	NC_006273.2_US9	204167	204910
NC_006273.2	NC_006273.2_exon-NC_006273.2:104404..104424-1	104404	104424
NC_006273.2	NC_006273.2_exon-NC_006273.2:104445..104464-1	104445	104464
NC_006273.2	NC_006273.2_exon-NC_006273.2:164557..164578-1	164557	164578
NC_006273.2	NC_006273.2_exon-NC_006273.2:201371..201392-1	201371	201392
NC_006273.2	NC_006273.2_exon-NC_006273.2:202317..202337-1	202317	202337
NC_006273.2	NC_006273.2_exon-NC_006273.2:202444..202455-1	202444	202455
NC_006273.2	NC_006273.2_exon-NC_006273.2:221474..221495-1	221474	221495
NC_006273.2	NC_006273.2_exon-NC_006273.2:221518..221538-1	221518	221538
NC_006273.2	NC_006273.2_exon-NC_006273.2:221679..221701-1	221679	221701
NC_006273.2	NC_006273.2_exon-NC_006273.2:221738..221759-1	221738	221759
NC_006273.2	NC_006273.2_exon-NC_006273.2:226711..226730-1	226711	226730
NC_006273.2	NC_006273.2_exon-NC_006273.2:226747..226768-1	226747	226768
NC_006273.2	NC_006273.2_exon-NC_006273.2:27992..28011-1	27992	28011
NC_006273.2	NC_006273.2_exon-NC_006273.2:28029..28050-1	28029	28050
NC_006273.2	NC_006273.2_id-NC_006273.2:1..1324	1	1324
NC_006273.2	NC_006273.2_id-NC_006273.2:1..578	1	578
NC_006273.2	NC_006273.2_id-NC_006273.2:109052..109057	109052	109057
NC_006273.2	NC_006273.2_id-NC_006273.2:1325..194343	1325	194343
NC_006273.2	NC_006273.2_id-NC_006273.2:176186..176944	176186	176944
NC_006273.2	NC_006273.2_id-NC_006273.2:176311..176311	176311	176311
NC_006273.2	NC_006273.2_id-NC_006273.2:194306..194311	194306	194311
NC_006273.2	NC_006273.2_id-NC_006273.2:194344..195667	194344	195667
NC_006273.2	NC_006273.2_id-NC_006273.2:195090..195667	195090	195667
NC_006273.2	NC_006273.2_id-NC_006273.2:195090..197626	195090	197626
NC_006273.2	NC_006273.2_id-NC_006273.2:197627..233108	197627	233108
NC_006273.2	NC_006273.2_id-NC_006273.2:226498..226503	226498	226503
NC_006273.2	NC_006273.2_id-NC_006273.2:231506..231511	231506	231511
NC_006273.2	NC_006273.2_id-NC_006273.2:231682..231693	231682	231693
NC_006273.2	NC_006273.2_id-NC_006273.2:231909..231920	231909	231920
NC_006273.2	NC_006273.2_id-NC_006273.2:232204..232217	232204	232217
NC_006273.2	NC_006273.2_id-NC_006273.2:233109..235646	233109	235646
NC_006273.2	NC_006273.2_id-NC_006273.2:235068..235646	235068	235646
NC_006273.2	NC_006273.2_id-NC_006273.2:235646..235646	235646	235646
NC_006273.2	NC_006273.2_id-NC_006273.2:2505..2510	2505	2510
NC_006273.2	NC_006273.2_id-NC_006273.2:37624..37629	37624	37629
NC_006273.2	NC_006273.2_id-NC_006273.2:38200..38205	38200	38205
NC_006273.2	NC_006273.2_id-NC_006273.2:53517..53522	53517	53522
NC_006273.2	NC_006273.2_id-NC_006273.2:6777..6782	6777	6782
NC_006273.2	NC_006273.2_id-NC_006273.2:93523..94613	93523	94613
NC_006273.2	NC_006273.2_id-NC_006273.2:94059..94198	94059	94198
NC_006273.2	NC_006273.2_rna-NC_006273.2:104404..104424	104404	104424
NC_006273.2	NC_006273.2_rna-NC_006273.2:104445..104464	104445	104464
NC_006273.2	NC_006273.2_rna-NC_006273.2:164557..164578	164557	164578
NC_006273.2	NC_006273.2_rna-NC_006273.2:201371..201392	201371	201392
NC_006273.2	NC_006273.2_rna-NC_006273.2:202317..202337	202317	202337
NC_006273.2	NC_006273.2_rna-NC_006273.2:202444..202455	202444	202455
NC_006273.2	NC_006273.2_rna-NC_006273.2:221474..221495	221474	221495
NC_006273.2	NC_006273.2_rna-NC_006273.2:221518..221538	221518	221538
NC_006273.2	NC_006273.2_rna-NC_006273.2:221679..221701	221679	221701
NC_006273.2	NC_006273.2_rna-NC_006273.2:221738..221759	221738	221759
NC_006273.2	NC_006273.2_rna-NC_006273.2:226711..226730	226711	226730
NC_006273.2	NC_006273.2_rna-NC_006273.2:226747..226768	226747	226768
NC_006273.2	NC_006273.2_rna-NC_006273.2:27992..28011	27992	28011
NC_006273.2	NC_006273.2_rna-NC_006273.2:28029..28050	28029	28050
NC_001664.4	NC_001664.4_DR1	501	2653
NC_001664.4	NC_001664.4_DR6	4725	6702
NC_001664.4	NC_001664.4_U10	17600	19111
NC_001664.4	NC_001664.4_U100	146696	150336
NC_001664.4	NC_001664.4_U11	19015	21627
NC_001664.4	NC_001664.4_U12	21729	22861
NC_001664.4	NC_001664.4_U13	22947	23267
NC_001664.4	NC_001664.4_U14	23365	25194
NC_001664.4	NC_001664.4_U15	25228	26041
NC_001664.4	NC_001664.4_U17	26308	27398
NC_001664.4	NC_001664.4_U18	28557	29438
NC_001664.4	NC_001664.4_U19	29698	30867
NC_001664.4	NC_001664.4_U2	8712	9812
NC_001664.4	NC_001664.4_U20	31118	32386
NC_001664.4	NC_001664.4_U21	32389	33690
NC_001664.4	NC_001664.4_U22	33788	34396
NC_001664.4	NC_001664.4_U23	34424	35134
NC_001664.4	NC_001664.4_U24	35441	35704
NC_001664.4	NC_001664.4_U24A	35723	35896
NC_001664.4	NC_001664.4_U25	35913	36863
NC_001664.4	NC_001664.4_U26	36971	37858
NC_001664.4	NC_001664.4_U27	37846	39027
NC_001664.4	NC_001664.4_U28	39069	41483
NC_001664.4	NC_001664.4_U29	41506	42405
NC_001664.4	NC_001664.4_U3	10151	11272
NC_001664.4	NC_001664.4_U30	41933	45181
NC_001664.4	NC_001664.4_U31	45199	51432
NC_001664.4	NC_001664.4_U32	51504	51770
NC_001664.4	NC_001664.4_U33	51772	53184
NC_001664.4	NC_001664.4_U34	53135	53965
NC_001664.4	NC_001664.4_U35	53982	54302
NC_001664.4	NC_001664.4_U36	54301	55755
NC_001664.4	NC_001664.4_U37	55759	56553
NC_001664.4	NC_001664.4_U38	56599	59637
NC_001664.4	NC_001664.4_U39	59637	62129
NC_001664.4	NC_001664.4_U4	11481	13088
NC_001664.4	NC_001664.4_U40	62083	64263
NC_001664.4	NC_001664.4_U41	64271	67669
NC_001664.4	NC_001664.4_U42	69103	70650
NC_001664.4	NC_001664.4_U43	70875	73457
NC_001664.4	NC_001664.4_U44	73522	74139
NC_001664.4	NC_001664.4_U45	74140	75270
NC_001664.4	NC_001664.4_U46	75343	75597
NC_001664.4	NC_001664.4_U47	75964	77919
NC_001664.4	NC_001664.4_U47A	77903	78067
NC_001664.4	NC_001664.4_U48	78086	80170
NC_001664.4	NC_001664.4_U49	80329	81087
NC_001664.4	NC_001664.4_U50	80864	82531
NC_001664.4	NC_001664.4_U51	82626	83531
NC_001664.4	NC_001664.4_U52	83550	84326
NC_001664.4	NC_001664.4_U53	84333	85919
NC_001664.4	NC_001664.4_U53.5	85185	85919
NC_001664.4	NC_001664.4_U54	86103	87479
NC_001664.4	NC_001664.4_U55	87557	88855
NC_001664.4	NC_001664.4_U56	89035	89925
NC_001664.4	NC_001664.4_U57	89927	93964
NC_001664.4	NC_001664.4_U58	93976	96294
NC_001664.4	NC_001664.4_U59	96291	97343
NC_001664.4	NC_001664.4_U60/66	97340	102538
NC_001664.4	NC_001664.4_U62	98479	98736
NC_001664.4	NC_001664.4_U63	98684	99334
NC_001664.4	NC_001664.4_U64	99312	100640
NC_001664.4	NC_001664.4_U65	100597	101604
NC_001664.4	NC_001664.4_U67	102510	103571
NC_001664.4	NC_001664.4_U68	103571	103915
NC_001664.4	NC_001664.4_U69	103918	105606
NC_001664.4	NC_001664.4_U7	13210	17087
NC_001664.4	NC_001664.4_U70	105614	107080
NC_001664.4	NC_001664.4_U71	107017	107250
NC_001664.4	NC_001664.4_U72	107330	108364
NC_001664.4	NC_001664.4_U73	108377	110719
NC_001664.4	NC_001664.4_U74	110688	112676
NC_001664.4	NC_001664.4_U75	112711	113460
NC_001664.4	NC_001664.4_U76	113369	115309
NC_001664.4	NC_001664.4_U77	115152	117626
NC_001664.4	NC_001664.4_U79	120216	121818
NC_001664.4	NC_001664.4_U81	121862	122629
NC_001664.4	NC_001664.4_U82	122705	123457
NC_001664.4	NC_001664.4_U83	123580	123873
NC_001664.4	NC_001664.4_U84	123977	125005
NC_001664.4	NC_001664.4_U85	125033	125905
NC_001664.4	NC_001664.4_U86	126041	136166
NC_001664.4	NC_001664.4_U90	133146	136166
NC_001664.4	NC_001664.4_U91	136321	136884
NC_001664.4	NC_001664.4_U94	141449	142921
NC_001664.4	NC_001664.4_U95	142996	146361
NC_001664.4	NC_001664.4_id-NC_001664.4:1..8089	1	8089
NC_001664.4	NC_001664.4_id-NC_001664.4:127549..128233	127549	128233
NC_001664.4	NC_001664.4_id-NC_001664.4:131077..131854	131077	131854
NC_001664.4	NC_001664.4_id-NC_001664.4:140076..140951	140076	140951
NC_001664.4	NC_001664.4_id-NC_001664.4:67666..68042	67666	68042
NC_000898.1	NC_000898.1_B1	3022	3988
NC_000898.1	NC_000898.1_B2	3536	3988
NC_000898.1	NC_000898.1_B3	7349	7528
NC_000898.1	NC_000898.1_B4	8911	9492
NC_000898.1	NC_000898.1_B5	9315	9761
NC_000898.1	NC_000898.1_B6	119139	121207
NC_000898.1	NC_000898.1_B7	120836	121207
NC_000898.1	NC_000898.1_B8	141969	142766
NC_000898.1	NC_000898.1_B9	152925	153252
NC_000898.1	NC_000898.1_DR1	583	3988
NC_000898.1	NC_000898.1_DR3	2723	3325
NC_000898.1	NC_000898.1_DR6	5027	7435
NC_000898.1	NC_000898.1_U10	18543	20054
NC_000898.1	NC_000898.1_U100	148659	152325
NC_000898.1	NC_000898.1_U11	19917	22534
NC_000898.1	NC_000898.1_U12	22636	23796
NC_000898.1	NC_000898.1_U13	23856	26173
NC_000898.1	NC_000898.1_U14	24277	26173
NC_000898.1	NC_000898.1_U15	26121	27048
NC_000898.1	NC_000898.1_U17	27258	28421
NC_000898.1	NC_000898.1_U18	29440	30485
NC_000898.1	NC_000898.1_U19	29440	31920
NC_000898.1	NC_000898.1_U2	9515	10715
NC_000898.1	NC_000898.1_U20	32096	33449
NC_000898.1	NC_000898.1_U21	32096	34954
NC_000898.1	NC_000898.1_U22	32096	35459
NC_000898.1	NC_000898.1_U23	32096	36386
NC_000898.1	NC_000898.1_U24	32096	36777
NC_000898.1	NC_000898.1_U24A	32096	36969
NC_000898.1	NC_000898.1_U25	32096	37936
NC_000898.1	NC_000898.1_U26	38003	38931
NC_000898.1	NC_000898.1_U27	38003	40019
NC_000898.1	NC_000898.1_U28	40123	42549
NC_000898.1	NC_000898.1_U29	40123	43471
NC_000898.1	NC_000898.1_U3	9515	12205
NC_000898.1	NC_000898.1_U30	42999	52559
NC_000898.1	NC_000898.1_U31	46265	52560
NC_000898.1	NC_000898.1_U32	52535	52841
NC_000898.1	NC_000898.1_U33	52535	54255
NC_000898.1	NC_000898.1_U34	52535	55036
NC_000898.1	NC_000898.1_U35	52535	55373
NC_000898.1	NC_000898.1_U36	55372	57625
NC_000898.1	NC_000898.1_U37	56830	57625
NC_000898.1	NC_000898.1_U38	57630	60708
NC_000898.1	NC_000898.1_U39	57630	63200
NC_000898.1	NC_000898.1_U4	9515	14040
NC_000898.1	NC_000898.1_U40	57630	65334
NC_000898.1	NC_000898.1_U41	57630	68740
NC_000898.1	NC_000898.1_U42	69965	71653
NC_000898.1	NC_000898.1_U43	69965	74460
NC_000898.1	NC_000898.1_U44	74501	76650
NC_000898.1	NC_000898.1_U45	75143	76273
NC_000898.1	NC_000898.1_U46	76346	76650
NC_000898.1	NC_000898.1_U47	76739	78999
NC_000898.1	NC_000898.1_U48	79260	81349
NC_000898.1	NC_000898.1_U49	81508	84700
NC_000898.1	NC_000898.1_U50	82043	84700
NC_000898.1	NC_000898.1_U51	83808	84713
NC_000898.1	NC_000898.1_U52	84731	85508
NC_000898.1	NC_000898.1_U53	85515	87101
NC_000898.1	NC_000898.1_U54	87302	88715
NC_000898.1	NC_000898.1_U55	87302	90271
NC_000898.1	NC_000898.1_U56	87302	91162
NC_000898.1	NC_000898.1_U57	87302	95201
NC_000898.1	NC_000898.1_U58	95213	98813
NC_000898.1	NC_000898.1_U59	97528	98813
NC_000898.1	NC_000898.1_U6	15603	15809
NC_000898.1	NC_000898.1_U62	99716	102891
NC_000898.1	NC_000898.1_U63	99921	102891
NC_000898.1	NC_000898.1_U64	100555	102891
NC_000898.1	NC_000898.1_U65	101840	102891
NC_000898.1	NC_000898.1_U66	97675	103784
NC_000898.1	NC_000898.1_U67	103756	108584
NC_000898.1	NC_000898.1_U68	104817	108584
NC_000898.1	NC_000898.1_U69	105164	106855
NC_000898.1	NC_000898.1_U7	14071	16959
NC_000898.1	NC_000898.1_U70	106863	108584
NC_000898.1	NC_000898.1_U71	108266	108584
NC_000898.1	NC_000898.1_U72	108543	109627
NC_000898.1	NC_000898.1_U73	109640	114005
NC_000898.1	NC_000898.1_U74	111951	114005
NC_000898.1	NC_000898.1_U75	113880	114723
NC_000898.1	NC_000898.1_U76	113880	116620
NC_000898.1	NC_000898.1_U77	116415	121207
NC_000898.1	NC_000898.1_U79	121486	123207
NC_000898.1	NC_000898.1_U8	14071	18198
NC_000898.1	NC_000898.1_U81	123109	123917
NC_000898.1	NC_000898.1_U82	123207	124745
NC_000898.1	NC_000898.1_U83	124821	125302
NC_000898.1	NC_000898.1_U84	125259	126296
NC_000898.1	NC_000898.1_U85	125259	127202
NC_000898.1	NC_000898.1_U86	127307	131901
NC_000898.1	NC_000898.1_U9	18151	18493
NC_000898.1	NC_000898.1_U90	134769	138436
NC_000898.1	NC_000898.1_U91	138591	140054
NC_000898.1	NC_000898.1_U94	142886	144565
NC_000898.1	NC_000898.1_U95	144640	148617
NC_000898.1	NC_000898.1_id-NC_000898.1:1..8793	1	8793
NC_000898.1	NC_000898.1_id-NC_000898.1:102886..102891	102886	102891
NC_000898.1	NC_000898.1_id-NC_000898.1:108564..108569	108564	108569
NC_000898.1	NC_000898.1_id-NC_000898.1:108579..108584	108579	108584
NC_000898.1	NC_000898.1_id-NC_000898.1:113880..113885	113880	113885
NC_000898.1	NC_000898.1_id-NC_000898.1:114000..114005	114000	114005
NC_000898.1	NC_000898.1_id-NC_000898.1:121202..121207	121202	121207
NC_000898.1	NC_000898.1_id-NC_000898.1:123109..123114	123109	123114
NC_000898.1	NC_000898.1_id-NC_000898.1:123202..123207	123202	123207
NC_000898.1	NC_000898.1_id-NC_000898.1:125259..125264	125259	125264
NC_000898.1	NC_000898.1_id-NC_000898.1:125297..125302	125297	125302
NC_000898.1	NC_000898.1_id-NC_000898.1:129046..129681	129046	129681
NC_000898.1	NC_000898.1_id-NC_000898.1:133501..133863	133501	133863
NC_000898.1	NC_000898.1_id-NC_000898.1:133982..134076	133982	134076
NC_000898.1	NC_000898.1_id-NC_000898.1:140082..142691	140082	142691
NC_000898.1	NC_000898.1_id-NC_000898.1:14071..14076	14071	14076
NC_000898.1	NC_000898.1_id-NC_000898.1:18151..18156	18151	18156
NC_000898.1	NC_000898.1_id-NC_000898.1:26168..26173	26168	26173
NC_000898.1	NC_000898.1_id-NC_000898.1:29440..29445	29440	29445
NC_000898.1	NC_000898.1_id-NC_000898.1:32096..32101	32096	32101
NC_000898.1	NC_000898.1_id-NC_000898.1:38003..38008	38003	38008
NC_000898.1	NC_000898.1_id-NC_000898.1:3912..3917	3912	3917
NC_000898.1	NC_000898.1_id-NC_000898.1:3938..3942	3938	3942
NC_000898.1	NC_000898.1_id-NC_000898.1:3968..3974	3968	3974
NC_000898.1	NC_000898.1_id-NC_000898.1:3983..3988	3983	3988
NC_000898.1	NC_000898.1_id-NC_000898.1:40123..40128	40123	40128
NC_000898.1	NC_000898.1_id-NC_000898.1:52535..52540	52535	52540
NC_000898.1	NC_000898.1_id-NC_000898.1:52555..52560	52555	52560
NC_000898.1	NC_000898.1_id-NC_000898.1:57620..57625	57620	57625
NC_000898.1	NC_000898.1_id-NC_000898.1:57630..57635	57630	57635
NC_000898.1	NC_000898.1_id-NC_000898.1:59..353	59	353
NC_000898.1	NC_000898.1_id-NC_000898.1:69965..69970	69965	69970
NC_000898.1	NC_000898.1_id-NC_000898.1:75210..75215	75210	75215
NC_000898.1	NC_000898.1_id-NC_000898.1:76645..76650	76645	76650
NC_000898.1	NC_000898.1_id-NC_000898.1:76739..76744	76739	76744
NC_000898.1	NC_000898.1_id-NC_000898.1:79260..79265	79260	79265
NC_000898.1	NC_000898.1_id-NC_000898.1:8250..8711	8250	8711
NC_000898.1	NC_000898.1_id-NC_000898.1:84695..84700	84695	84700
NC_000898.1	NC_000898.1_id-NC_000898.1:87302..87307	87302	87307
NC_000898.1	NC_000898.1_id-NC_000898.1:9315..9510	9315	9510
NC_000898.1	NC_000898.1_id-NC_000898.1:9515..9520	9515	9520
NC_000898.1	NC_000898.1_id-NC_000898.1:98808..98813	98808	98813
NC_001716.2	NC_001716.2_DR1	4466	7878
NC_001716.2	NC_001716.2_DR6	6509	7878
NC_001716.2	NC_001716.2_U10	18829	20296
NC_001716.2	NC_001716.2_U100	140249	143000
NC_001716.2	NC_001716.2_U11	20187	22470
NC_001716.2	NC_001716.2_U12	22566	23707
NC_001716.2	NC_001716.2_U13	23742	26151
NC_001716.2	NC_001716.2_U14	24106	26151
NC_001716.2	NC_001716.2_U15	26063	26785
NC_001716.2	NC_001716.2_U17	26970	28057
NC_001716.2	NC_001716.2_U18	28794	29821
NC_001716.2	NC_001716.2_U19	28794	31142
NC_001716.2	NC_001716.2_U2	10446	11637
NC_001716.2	NC_001716.2_U20	31242	32431
NC_001716.2	NC_001716.2_U21	31242	33714
NC_001716.2	NC_001716.2_U23	33988	34638
NC_001716.2	NC_001716.2_U24	33988	34992
NC_001716.2	NC_001716.2_U24A	33988	35166
NC_001716.2	NC_001716.2_U25	33988	36118
NC_001716.2	NC_001716.2_U26	36175	37090
NC_001716.2	NC_001716.2_U27	36175	38172
NC_001716.2	NC_001716.2_U28	38276	40705
NC_001716.2	NC_001716.2_U29	38276	41568
NC_001716.2	NC_001716.2_U3	11730	12953
NC_001716.2	NC_001716.2_U30	41583	50579
NC_001716.2	NC_001716.2_U31	44400	50579
NC_001716.2	NC_001716.2_U32	50474	50848
NC_001716.2	NC_001716.2_U33	50474	52262
NC_001716.2	NC_001716.2_U34	50474	52989
NC_001716.2	NC_001716.2_U35	50474	53340
NC_001716.2	NC_001716.2_U36	53339	55839
NC_001716.2	NC_001716.2_U37	54798	55839
NC_001716.2	NC_001716.2_U38	55569	58625
NC_001716.2	NC_001716.2_U39	55569	61093
NC_001716.2	NC_001716.2_U4	11730	14603
NC_001716.2	NC_001716.2_U40	55569	63221
NC_001716.2	NC_001716.2_U41	55569	66619
NC_001716.2	NC_001716.2_U42	66826	68546
NC_001716.2	NC_001716.2_U43	68630	71310
NC_001716.2	NC_001716.2_U44	71367	72075
NC_001716.2	NC_001716.2_U45	71982	73122
NC_001716.2	NC_001716.2_U46	73154	73747
NC_001716.2	NC_001716.2_U47	73454	74803
NC_001716.2	NC_001716.2_U47A	74868	75187
NC_001716.2	NC_001716.2_U48	74921	77113
NC_001716.2	NC_001716.2_U49	77226	80515
NC_001716.2	NC_001716.2_U50	77761	80515
NC_001716.2	NC_001716.2_U51	79527	80515
NC_001716.2	NC_001716.2_U52	80150	81172
NC_001716.2	NC_001716.2_U53	81180	82721
NC_001716.2	NC_001716.2_U53.5	82029	82721
NC_001716.2	NC_001716.2_U54	82664	84100
NC_001716.2	NC_001716.2_U55A	82664	85431
NC_001716.2	NC_001716.2_U55B	82664	86807
NC_001716.2	NC_001716.2_U56	86855	87741
NC_001716.2	NC_001716.2_U57	86855	91781
NC_001716.2	NC_001716.2_U58	91793	95344
NC_001716.2	NC_001716.2_U59	94068	95344
NC_001716.2	NC_001716.2_U60	95018	100215
NC_001716.2	NC_001716.2_U62	96247	99553
NC_001716.2	NC_001716.2_U63	96446	99553
NC_001716.2	NC_001716.2_U64	97059	99553
NC_001716.2	NC_001716.2_U65	98341	99553
NC_001716.2	NC_001716.2_U67	100214	104844
NC_001716.2	NC_001716.2_U68	101254	104844
NC_001716.2	NC_001716.2_U69	101601	104844
NC_001716.2	NC_001716.2_U7	14627	18483
NC_001716.2	NC_001716.2_U70	103243	104844
NC_001716.2	NC_001716.2_U71	104622	104844
NC_001716.2	NC_001716.2_U72	104865	105906
NC_001716.2	NC_001716.2_U73	105923	110290
NC_001716.2	NC_001716.2_U74	108237	110290
NC_001716.2	NC_001716.2_U75	110202	110973
NC_001716.2	NC_001716.2_U76	110202	112819
NC_001716.2	NC_001716.2_U77	112665	115406
NC_001716.2	NC_001716.2_U79	117733	119583
NC_001716.2	NC_001716.2_U81	119387	120179
NC_001716.2	NC_001716.2_U82	119387	121009
NC_001716.2	NC_001716.2_U84	121339	122271
NC_001716.2	NC_001716.2_U85	121339	123141
NC_001716.2	NC_001716.2_U86	123305	126934
NC_001716.2	NC_001716.2_U90	129376	133434
NC_001716.2	NC_001716.2_U91	133539	134627
NC_001716.2	NC_001716.2_U95	137379	140295
NC_001716.2	NC_001716.2_id-NC_001716.2:1..10034	1	10034
NC_001716.2	NC_001716.2_id-NC_001716.2:10035..143046	10035	143046
NC_001716.2	NC_001716.2_id-NC_001716.2:104839..104844	104839	104844
NC_001716.2	NC_001716.2_id-NC_001716.2:110202..110207	110202	110207
NC_001716.2	NC_001716.2_id-NC_001716.2:110285..110290	110285	110290
NC_001716.2	NC_001716.2_id-NC_001716.2:11730..11735	11730	11735
NC_001716.2	NC_001716.2_id-NC_001716.2:119387..119392	119387	119392
NC_001716.2	NC_001716.2_id-NC_001716.2:121346..121351	121346	121351
NC_001716.2	NC_001716.2_id-NC_001716.2:127567..127886	127567	127886
NC_001716.2	NC_001716.2_id-NC_001716.2:134691..136291	134691	136291
NC_001716.2	NC_001716.2_id-NC_001716.2:26146..26151	26146	26151
NC_001716.2	NC_001716.2_id-NC_001716.2:28794..28799	28794	28799
NC_001716.2	NC_001716.2_id-NC_001716.2:31242..31247	31242	31247
NC_001716.2	NC_001716.2_id-NC_001716.2:33988..33993	33988	33993
NC_001716.2	NC_001716.2_id-NC_001716.2:33997..34002	33997	34002
NC_001716.2	NC_001716.2_id-NC_001716.2:34119..34124	34119	34124
NC_001716.2	NC_001716.2_id-NC_001716.2:36175..36180	36175	36180
NC_001716.2	NC_001716.2_id-NC_001716.2:38276..38281	38276	38281
NC_001716.2	NC_001716.2_id-NC_001716.2:50474..50479	50474	50479
NC_001716.2	NC_001716.2_id-NC_001716.2:50558..50563	50558	50563
NC_001716.2	NC_001716.2_id-NC_001716.2:50601..50606	50601	50606
NC_001716.2	NC_001716.2_id-NC_001716.2:55569..55574	55569	55574
NC_001716.2	NC_001716.2_id-NC_001716.2:55648..55653	55648	55653
NC_001716.2	NC_001716.2_id-NC_001716.2:55834..55839	55834	55839
NC_001716.2	NC_001716.2_id-NC_001716.2:61..4127	61	4127
NC_001716.2	NC_001716.2_id-NC_001716.2:66685..67298	66685	67298
NC_001716.2	NC_001716.2_id-NC_001716.2:7864..7869	7864	7869
NC_001716.2	NC_001716.2_id-NC_001716.2:7873..7878	7873	7878
NC_001716.2	NC_001716.2_id-NC_001716.2:80510..80515	80510	80515
NC_001716.2	NC_001716.2_id-NC_001716.2:82664..82669	82664	82669
NC_001716.2	NC_001716.2_id-NC_001716.2:82704..82709	82704	82709
NC_001716.2	NC_001716.2_id-NC_001716.2:86855..86860	86855	86860
NC_001716.2	NC_001716.2_id-NC_001716.2:9021..9953	9021	9953
NC_001716.2	NC_001716.2_id-NC_001716.2:95339..95344	95339	95344
NC_001716.2	NC_001716.2_id-NC_001716.2:99548..99553	99548	99553
NC_009333.1	NC_009333.1_HHV8GK18_gp77	115108	117514
NC_009333.1	NC_009333.1_HHV8GK18_gp78	116544	117514
NC_009333.1	NC_009333.1_HHV8GK18_gp79	117535	118233
NC_009333.1	NC_009333.1_HHV8GK18_gp80	122337	122959
NC_009333.1	NC_009333.1_HHV8GK18_gp81	123010	127446
NC_009333.1	NC_009333.1_HHV8GK18_gp82	123010	123815
NC_009333.1	NC_009333.1_HHV8GK18_gp83	127966	130671
NC_009333.1	NC_009333.1_HHV8GK18_gp84	129520	130671
NC_009333.1	NC_009333.1_HHV8GK18_gp86	130655	134589
NC_009333.1	NC_009333.1_HHV8_gs01	28819	29895
NC_009333.1	NC_009333.1_HHV8_gs02	119586	119607
NC_009333.1	NC_009333.1_HHV8_gs03	120234	120253
NC_009333.1	NC_009333.1_HHV8_gs04	120605	120627
NC_009333.1	NC_009333.1_HHV8_gs05	121044	121065
NC_009333.1	NC_009333.1_HHV8_gs06	121514	121535
NC_009333.1	NC_009333.1_HHV8_gs07	121703	121724
NC_009333.1	NC_009333.1_HHV8_gs08	121834	121856
NC_009333.1	NC_009333.1_HHV8_gs09	121977	121998
NC_009333.1	NC_009333.1_HHV8_gs10	122137	122159
NC_009333.1	NC_009333.1_K1	4	1083
NC_009333.1	NC_009333.1_K15	130655	136899
NC_009333.1	NC_009333.1_K2	17166	17841
NC_009333.1	NC_009333.1_K3	18573	19542
NC_009333.1	NC_009333.1_K4	21275	21764
NC_009333.1	NC_009333.1_K4.1	21907	22461
NC_009333.1	NC_009333.1_K4.2	21907	23078
NC_009333.1	NC_009333.1_K5	25865	26635
NC_009333.1	NC_009333.1_K6	27067	27576
NC_009333.1	NC_009333.1_K7	28774	29876
NC_009333.1	NC_009333.1_K8	74949	76818
NC_009333.1	NC_009333.1_K8.1	76014	76818
NC_009333.1	NC_009333.1_NC_009333.1:1..137969	1	137969
NC_009333.1	NC_009333.1_ORF10	14485	17026
NC_009333.1	NC_009333.1_ORF11	15756	17026
NC_009333.1	NC_009333.1_ORF16	30242	30834
NC_009333.1	NC_009333.1_ORF17	30857	32524
NC_009333.1	NC_009333.1_ORF17.5	30857	31786
NC_009333.1	NC_009333.1_ORF18	32523	33535
NC_009333.1	NC_009333.1_ORF19	32967	34942
NC_009333.1	NC_009333.1_ORF2	17166	18519
NC_009333.1	NC_009333.1_ORF20	32967	35483
NC_009333.1	NC_009333.1_ORF21	35482	39416
NC_009333.1	NC_009333.1_ORF22	37212	39416
NC_009333.1	NC_009333.1_ORF23	39397	40615
NC_009333.1	NC_009333.1_ORF24	39397	42877
NC_009333.1	NC_009333.1_ORF25	42876	48846
NC_009333.1	NC_009333.1_ORF26	47032	48846
NC_009333.1	NC_009333.1_ORF27	47973	48846
NC_009333.1	NC_009333.1_ORF28	49091	49399
NC_009333.1	NC_009333.1_ORF29	49461	54775
NC_009333.1	NC_009333.1_ORF30	50723	54176
NC_009333.1	NC_009333.1_ORF31	50953	54176
NC_009333.1	NC_009333.1_ORF32	51504	54176
NC_009333.1	NC_009333.1_ORF33	52861	54176
NC_009333.1	NC_009333.1_ORF34	54635	58974
NC_009333.1	NC_009333.1_ORF35	55635	58974
NC_009333.1	NC_009333.1_ORF36	56075	58974
NC_009333.1	NC_009333.1_ORF37	57372	58974
NC_009333.1	NC_009333.1_ORF38	58787	58974
NC_009333.1	NC_009333.1_ORF39	59000	60274
NC_009333.1	NC_009333.1_ORF4	1052	17026
NC_009333.1	NC_009333.1_ORF40	60407	62644
NC_009333.1	NC_009333.1_ORF42	62534	63371
NC_009333.1	NC_009333.1_ORF43	62534	65052
NC_009333.1	NC_009333.1_ORF44	64991	67399
NC_009333.1	NC_009333.1_ORF45	67444	68675
NC_009333.1	NC_009333.1_ORF46	67444	69503
NC_009333.1	NC_009333.1_ORF47	67444	70014
NC_009333.1	NC_009333.1_ORF48	67444	71480
NC_009333.1	NC_009333.1_ORF49	71728	72637
NC_009333.1	NC_009333.1_ORF50	71695	76818
NC_009333.1	NC_009333.1_ORF52	76823	77296
NC_009333.1	NC_009333.1_ORF53	77377	77764
NC_009333.1	NC_009333.1_ORF54	77835	78792
NC_009333.1	NC_009333.1_ORF55	78818	79547
NC_009333.1	NC_009333.1_ORF56	79535	83713
NC_009333.1	NC_009333.1_ORF57	82169	83713
NC_009333.1	NC_009333.1_ORF58	94557	95650
NC_009333.1	NC_009333.1_ORF59	94577	96845
NC_009333.1	NC_009333.1_ORF6	3179	17026
NC_009333.1	NC_009333.1_ORF60	94557	97893
NC_009333.1	NC_009333.1_ORF61	94557	100300
NC_009333.1	NC_009333.1_ORF62	94577	101300
NC_009333.1	NC_009333.1_ORF63	101314	112013
NC_009333.1	NC_009333.1_ORF64	104106	112013
NC_009333.1	NC_009333.1_ORF65	111927	112549
NC_009333.1	NC_009333.1_ORF66	111927	113865
NC_009333.1	NC_009333.1_ORF67	111927	114614
NC_009333.1	NC_009333.1_ORF67A	111927	114911
NC_009333.1	NC_009333.1_ORF7	6594	17026
NC_009333.1	NC_009333.1_ORF70	19822	21036
NC_009333.1	NC_009333.1_ORF8	8665	17026
NC_009333.1	NC_009333.1_ORF9	11329	17026
NC_009333.1	NC_009333.1_YP_001129426.1	115108	116511
NC_009333.1	NC_009333.1_YP_001129427.1	116544	117452
NC_009333.1	NC_009333.1_YP_001129428.1	118025	118207
NC_009333.1	NC_009333.1_YP_001129429.1	122393	122959
NC_009333.1	NC_009333.1_YP_001129430.1	123042	123815
NC_009333.1	NC_009333.1_YP_001129431.1	124057	127446
NC_009333.1	NC_009333.1_YP_001129432.1	128264	129079
NC_009333.1	NC_009333.1_YP_001129433.1	129520	130548
NC_009333.1	NC_009333.1_YP_001129434.1	130699	134589
NC_009333.1	NC_009333.1_exon-HHV8GK18_gp79-1	117535	118233
NC_009333.1	NC_009333.1_exon-HHV8_gs01-1	28819	29895
NC_009333.1	NC_009333.1_exon-HHV8_gs02-1	119586	119607
NC_009333.1	NC_009333.1_exon-HHV8_gs03-1	120234	120253
NC_009333.1	NC_009333.1_exon-HHV8_gs04-1	120605	120627
NC_009333.1	NC_009333.1_exon-HHV8_gs05-1	121044	121065
NC_009333.1	NC_009333.1_exon-HHV8_gs06-1	121514	121535
NC_009333.1	NC_009333.1_exon-HHV8_gs07-1	121703	121724
NC_009333.1	NC_009333.1_exon-HHV8_gs08-1	121834	121856
NC_009333.1	NC_009333.1_exon-HHV8_gs09-1	121977	121998
NC_009333.1	NC_009333.1_exon-HHV8_gs10-1	122137	122159
NC_009333.1	NC_009333.1_exon-NC_009333.1:118075..118097-1	118075	118097
NC_009333.1	NC_009333.1_exon-NC_009333.1:127997..130671-1	127997	129368
NC_009333.1	NC_009333.1_exon-NC_009333.1:127997..130671-2	129517	130671
NC_009333.1	NC_009333.1_id-HHV8GK18_gp79	117548	117553
NC_009333.1	NC_009333.1_id-HHV8GK18_gp80	122337	122342
NC_009333.1	NC_009333.1_id-HHV8GK18_gp81	124784	126456
NC_009333.1	NC_009333.1_id-HHV8GK18_gp83	127966	127971
NC_009333.1	NC_009333.1_id-NC_009333.1:1..137168	1	137168
NC_009333.1	NC_009333.1_id-NC_009333.1:1..7439	1	7439
NC_009333.1	NC_009333.1_id-NC_009333.1:111927..111932	111927	111932
NC_009333.1	NC_009333.1_id-NC_009333.1:111992..111997	111992	111997
NC_009333.1	NC_009333.1_id-NC_009333.1:11325..53653	11325	53653
NC_009333.1	NC_009333.1_id-NC_009333.1:115410..137969	115410	137969
NC_009333.1	NC_009333.1_id-NC_009333.1:117509..117514	117509	117514
NC_009333.1	NC_009333.1_id-NC_009333.1:118229..118490	118229	118490
NC_009333.1	NC_009333.1_id-NC_009333.1:118491..118845	118491	118845
NC_009333.1	NC_009333.1_id-NC_009333.1:118948..120125	118948	120125
NC_009333.1	NC_009333.1_id-NC_009333.1:123010..123015	123010	123015
NC_009333.1	NC_009333.1_id-NC_009333.1:1272..41618	1272	41618
NC_009333.1	NC_009333.1_id-NC_009333.1:130655..130660	130655	130660
NC_009333.1	NC_009333.1_id-NC_009333.1:130666..130671	130666	130671
NC_009333.1	NC_009333.1_id-NC_009333.1:137169..137969	137169	137969
NC_009333.1	NC_009333.1_id-NC_009333.1:137635..137673	137635	137673
NC_009333.1	NC_009333.1_id-NC_009333.1:17021..17026	17021	17026
NC_009333.1	NC_009333.1_id-NC_009333.1:17166..17171	17166	17171
NC_009333.1	NC_009333.1_id-NC_009333.1:21907..21912	21907	21912
NC_009333.1	NC_009333.1_id-NC_009333.1:23082..24228	23082	24228
NC_009333.1	NC_009333.1_id-NC_009333.1:24230..24808	24230	24808
NC_009333.1	NC_009333.1_id-NC_009333.1:24823..25045	24823	25045
NC_009333.1	NC_009333.1_id-NC_009333.1:29871..29876	29871	29876
NC_009333.1	NC_009333.1_id-NC_009333.1:29927..30055	29927	30055
NC_009333.1	NC_009333.1_id-NC_009333.1:30857..30862	30857	30862
NC_009333.1	NC_009333.1_id-NC_009333.1:32967..32972	32967	32972
NC_009333.1	NC_009333.1_id-NC_009333.1:35181..73829	35181	73829
NC_009333.1	NC_009333.1_id-NC_009333.1:39397..39402	39397	39402
NC_009333.1	NC_009333.1_id-NC_009333.1:39411..39416	39411	39416
NC_009333.1	NC_009333.1_id-NC_009333.1:48627..89886	48627	89886
NC_009333.1	NC_009333.1_id-NC_009333.1:48841..48846	48841	48846
NC_009333.1	NC_009333.1_id-NC_009333.1:54171..54176	54171	54176
NC_009333.1	NC_009333.1_id-NC_009333.1:58952..58957	58952	58957
NC_009333.1	NC_009333.1_id-NC_009333.1:58974..58974	58974	58974
NC_009333.1	NC_009333.1_id-NC_009333.1:62534..62639	62534	62639
NC_009333.1	NC_009333.1_id-NC_009333.1:67444..67449	67444	67449
NC_009333.1	NC_009333.1_id-NC_009333.1:74411..116152	74411	116152
NC_009333.1	NC_009333.1_id-NC_009333.1:76813..76818	76813	76818
NC_009333.1	NC_009333.1_id-NC_009333.1:83708..83713	83708	83713
NC_009333.1	NC_009333.1_id-NC_009333.1:92780..93127	92780	93127
NC_009333.1	NC_009333.1_id-NC_009333.1:94584..94589	94584	94589
NC_009333.1	NC_009333.1_rna-HHV8GK18_gp79	117535	118233
NC_009333.1	NC_009333.1_rna-HHV8_gs01	28819	29895
NC_009333.1	NC_009333.1_rna-HHV8_gs02	119586	119607
NC_009333.1	NC_009333.1_rna-HHV8_gs03	120234	120253
NC_009333.1	NC_009333.1_rna-HHV8_gs04	120605	120627
NC_009333.1	NC_009333.1_rna-HHV8_gs05	121044	121065
NC_009333.1	NC_009333.1_rna-HHV8_gs06	121514	121535
NC_009333.1	NC_009333.1_rna-HHV8_gs07	121703	121724
NC_009333.1	NC_009333.1_rna-HHV8_gs08	121834	121856
NC_009333.1	NC_009333.1_rna-HHV8_gs09	121977	121998
NC_009333.1	NC_009333.1_rna-HHV8_gs10	122137	122159
NC_009333.1	NC_009333.1_rna-NC_009333.1:118075..118097	118075	118097
NC_009333.1	NC_009333.1_rna-NC_009333.1:127997..130671	127997	130671
NC_009333.1	NC_009333.1_vIRF-1	83887	85415
NC_009333.1	NC_009333.1_vIRF-2	91853	94353
NC_009333.1	NC_009333.1_vIRF-3	89473	91512
NC_009333.1	NC_009333.1_vIRF-4	86106	89172
